{
    "accuracy": 0.863749605802586,
    "precision_micro": 0.863749605802586,
    "recall_micro": 0.863749605802586,
    "f1_micro": 0.863749605802586,
    "precision_macro": 0.7088922368025015,
    "recall_macro": 0.5693665491587773,
    "f1_macro": 0.586554200137341
}