{
    "accuracy": 0.9979310344827587,
    "precision_micro": 0.9979310344827587,
    "recall_micro": 0.9979310344827587,
    "f1_micro": 0.9979310344827587,
    "precision_macro": 0.7136115075528545,
    "recall_macro": 0.58822524568991,
    "f1_macro": 0.6307209349302446
}