{
    "accuracy": 0.9961247947454844,
    "precision_micro": 0.9961247947454844,
    "recall_micro": 0.9961247947454844,
    "f1_micro": 0.9961247947454844,
    "precision_macro": 0.6105922421185864,
    "recall_macro": 0.5306842542741573,
    "f1_macro": 0.5585148769937656
}