{
    "accuracy": 0.7329176882661996,
    "precision_micro": 0.7329176882661996,
    "recall_micro": 0.7329176882661996,
    "f1_micro": 0.7329176882661996,
    "precision_macro": 0.6111409257721261,
    "recall_macro": 0.7156412479023033,
    "f1_macro": 0.613430059152719
}