{
    "accuracy": 0.9786617964987864,
    "precision_micro": 0.9786617964987864,
    "recall_micro": 0.9786617964987864,
    "f1_micro": 0.9786617964987864,
    "precision_macro": 0.6183048853222759,
    "recall_macro": 0.4852325312925553,
    "f1_macro": 0.5008287567691595
}