{
    "accuracy": 0.9920689655172413,
    "precision_micro": 0.9920689655172413,
    "recall_micro": 0.9920689655172413,
    "f1_micro": 0.9920689655172413,
    "precision_macro": 0.832116634160256,
    "recall_macro": 0.6913425553473954,
    "f1_macro": 0.7423815194065017
}