{
    "accuracy": 0.8548666666666667,
    "precision_micro": 0.8548666666666667,
    "recall_micro": 0.8548666666666667,
    "f1_micro": 0.8548666666666667,
    "precision_macro": 0.3887038318047826,
    "recall_macro": 0.29362129498743283,
    "f1_macro": 0.24169246569689828
}