{
    "accuracy": 0.9867816091954023,
    "precision_micro": 0.9867816091954023,
    "recall_micro": 0.9867816091954023,
    "f1_micro": 0.9867816091954023,
    "precision_macro": 0.5951758048750176,
    "recall_macro": 0.5584729845525883,
    "f1_macro": 0.5542151002025644
}