{
    "accuracy": 0.9215934190295566,
    "precision_micro": 0.9215934190295566,
    "recall_micro": 0.9215934190295566,
    "f1_micro": 0.9215934190295566,
    "precision_macro": 0.33522775574172325,
    "recall_macro": 0.2014130483858819,
    "f1_macro": 0.19516331511182336
}