{
    "accuracy": 0.8198517817723115,
    "precision_micro": 0.8198517817723115,
    "recall_micro": 0.8198517817723115,
    "f1_micro": 0.8198517817723115,
    "precision_macro": 0.6653945496708324,
    "recall_macro": 0.5791289297197451,
    "f1_macro": 0.5927581291804284
}