{
    "accuracy": 0.9818617465483466,
    "precision_micro": 0.9818617465483466,
    "recall_micro": 0.9818617465483466,
    "f1_micro": 0.9818617465483466,
    "precision_macro": 0.5416558510109863,
    "recall_macro": 0.5000560373558656,
    "f1_macro": 0.5143194479187434
}