{
    "accuracy": 0.9982068965517241,
    "precision_micro": 0.9982068965517241,
    "recall_micro": 0.9982068965517241,
    "f1_micro": 0.9982068965517241,
    "precision_macro": 0.713636343551839,
    "recall_macro": 0.5962837837837837,
    "f1_macro": 0.6381549635168872
}