{
    "accuracy": 0.79156223893066,
    "precision_micro": 0.79156223893066,
    "recall_micro": 0.79156223893066,
    "f1_micro": 0.79156223893066,
    "precision_macro": 0.7487631150368249,
    "recall_macro": 0.5877616444353613,
    "f1_macro": 0.6195774091715488
}