{
    "accuracy": 0.7753863134657837,
    "precision_micro": 0.7753863134657837,
    "recall_micro": 0.7753863134657837,
    "f1_micro": 0.7753863134657837,
    "precision_macro": 0.6259748561725065,
    "recall_macro": 0.695899408196412,
    "f1_macro": 0.6409470298897539
}