feature,psi,js_divergence
S2,0.4486923539800638,0.06177697245224229
S1,0.07779605117465674,0.01081851444746628
S5,0.04530304200623342,0.006070613438203205
C4,0.015196743801608112,0.0019246862983860985
S4,0.00958940480051513,0.0015545025952762685
C2,0.007353308968608271,0.000931231539034072
S3,0.006434486754900666,0.0010672628825963964
C5,0.003593886436399865,0.0004601418361579517
C1,0.002845402400719056,0.00036011738408461196
C3,0.0018911556602295091,0.00024478612586698126
