{
    "accuracy": 0.8381238253254666,
    "precision_micro": 0.8381238253254666,
    "recall_micro": 0.8381238253254666,
    "f1_micro": 0.8381238253254666,
    "precision_macro": 0.8062351156234867,
    "recall_macro": 0.7021590457671419,
    "f1_macro": 0.7417983184728179
}