{
    "accuracy": 0.9790333333333333,
    "precision_micro": 0.9790333333333333,
    "recall_micro": 0.9790333333333333,
    "f1_micro": 0.9790333333333333,
    "precision_macro": 0.7792336633737814,
    "recall_macro": 0.8197898378036717,
    "f1_macro": 0.7942781963671501
}