{
    "accuracy": 0.8172666666666667,
    "precision_micro": 0.8172666666666667,
    "recall_micro": 0.8172666666666667,
    "f1_micro": 0.8172666666666667,
    "precision_macro": 0.48361228214278007,
    "recall_macro": 0.5709433349630056,
    "f1_macro": 0.4872767653473471
}