{
    "accuracy": 0.9979310344827587,
    "precision_micro": 0.9979310344827587,
    "recall_micro": 0.9979310344827587,
    "f1_micro": 0.9979310344827587,
    "precision_macro": 0.6937285146202476,
    "recall_macro": 0.5920737860067805,
    "f1_macro": 0.6285948742646676
}