{
    "accuracy": 0.9967159277504105,
    "precision_micro": 0.9967159277504105,
    "recall_micro": 0.9967159277504105,
    "f1_micro": 0.9967159277504105,
    "precision_macro": 0.7913945847578111,
    "recall_macro": 0.6171020591112332,
    "f1_macro": 0.6645426682682808
}