{
    "accuracy": 0.9918752487766045,
    "precision_micro": 0.9918752487766045,
    "recall_micro": 0.9918752487766045,
    "f1_micro": 0.9918752487766045,
    "precision_macro": 0.7356368981241468,
    "recall_macro": 0.5924807934424912,
    "f1_macro": 0.6150285809595843
}