{
    "accuracy": 0.9901503976523294,
    "precision_micro": 0.9901503976523294,
    "recall_micro": 0.9901503976523294,
    "f1_micro": 0.9901503976523294,
    "precision_macro": 0.6810021985413082,
    "recall_macro": 0.5828924235490189,
    "f1_macro": 0.606913619021722
}