{
    "accuracy": 0.9793333333333333,
    "precision_micro": 0.9793333333333333,
    "recall_micro": 0.9793333333333333,
    "f1_micro": 0.9793333333333333,
    "precision_macro": 0.8514286823713335,
    "recall_macro": 0.8012404941845966,
    "f1_macro": 0.8092249220993152
}