{
    "accuracy": 0.8646168401135289,
    "precision_micro": 0.8646168401135289,
    "recall_micro": 0.8646168401135289,
    "f1_micro": 0.8646168401135289,
    "precision_macro": 0.7136918103651244,
    "recall_macro": 0.5736562299994177,
    "f1_macro": 0.5925347361135075
}