{
    "accuracy": 0.9982068965517241,
    "precision_micro": 0.9982068965517241,
    "recall_micro": 0.9982068965517241,
    "f1_micro": 0.9982068965517241,
    "precision_macro": 0.7137447691139507,
    "recall_macro": 0.606418918918919,
    "f1_macro": 0.6426328866692462
}