{
    "accuracy": 0.7916114790286976,
    "precision_micro": 0.7916114790286976,
    "recall_micro": 0.7916114790286976,
    "f1_micro": 0.7916114790286976,
    "precision_macro": 0.6311011261954758,
    "recall_macro": 0.6876297584616976,
    "f1_macro": 0.647096317064324
}