{
    "accuracy": 0.8565121412803532,
    "precision_micro": 0.8565121412803532,
    "recall_micro": 0.8565121412803532,
    "f1_micro": 0.8565121412803532,
    "precision_macro": 0.6865961289889051,
    "recall_macro": 0.62913949739756,
    "f1_macro": 0.6489469267914858
}