{
    "accuracy": 0.9936551724137931,
    "precision_micro": 0.9936551724137931,
    "recall_micro": 0.9936551724137931,
    "f1_micro": 0.9936551724137931,
    "precision_macro": 0.6627593536088623,
    "recall_macro": 0.7981407502651486,
    "f1_macro": 0.6982556560833292
}