{
    "accuracy": 0.9901149425287357,
    "precision_micro": 0.9901149425287357,
    "recall_micro": 0.9901149425287357,
    "f1_micro": 0.9901149425287357,
    "precision_macro": 0.7553412453847015,
    "recall_macro": 0.6434418828701726,
    "f1_macro": 0.6718713430381497
}