{
    "accuracy": 0.9982068965517241,
    "precision_micro": 0.9982068965517241,
    "recall_micro": 0.9982068965517241,
    "f1_micro": 0.9982068965517241,
    "precision_macro": 0.7017514827762292,
    "recall_macro": 0.6169661428731785,
    "f1_macro": 0.6442037536346261
}