{
    "accuracy": 0.9684141515839753,
    "precision_micro": 0.9684141515839753,
    "recall_micro": 0.9684141515839753,
    "f1_micro": 0.9684141515839753,
    "precision_macro": 0.6230443418140155,
    "recall_macro": 0.4538766677743336,
    "f1_macro": 0.475740965870627
}