{
    "accuracy": 0.8278666666666666,
    "precision_micro": 0.8278666666666666,
    "recall_micro": 0.8278666666666666,
    "f1_micro": 0.8278666666666666,
    "precision_macro": 0.6654595894300126,
    "recall_macro": 0.43808934788032317,
    "f1_macro": 0.4000655370718325
}