{
    "accuracy": 0.9239582601637438,
    "precision_micro": 0.9239582601637438,
    "recall_micro": 0.9239582601637438,
    "f1_micro": 0.9239582601637438,
    "precision_macro": 0.46042833360462343,
    "recall_macro": 0.5029744919723199,
    "f1_macro": 0.46409065923030324
}