{
    "accuracy": 0.7903151598803773,
    "precision_micro": 0.7903151598803773,
    "recall_micro": 0.7903151598803773,
    "f1_micro": 0.7903151598803773,
    "precision_macro": 0.6942979606720672,
    "recall_macro": 0.6134419348740848,
    "f1_macro": 0.6369546050442241
}