{
  "split_definition": "CIC-like: train from Domain A (labeled), val/test from Domain B (future)",
  "settings": {
    "shift_mode": "cluster",
    "drift_strength": 0.9,
    "n_clusters": 12,
    "pca_dim": 10
  },
  "drift_report_train_vs_test": {
    "psi_mean": 0.1284075164284313,
    "psi_median": 0.02509324926549275,
    "psi_max": 3.086587872692968,
    "js_mean": 0.008325832044073195,
    "js_median": 0.00220692306456602,
    "js_max": 0.07374668047085114,
    "mmd_rbf": 0.08947622219178981
  },
  "sizes": {
    "train": 250640,
    "val": 165186,
    "test": 165186
  },
  "classes": {
    "n_classes": 7,
    "class_names": [
      "1",
      "2",
      "3",
      "4",
      "5",
      "6",
      "7"
    ]
  }
}