{
    "accuracy": 0.9868965517241379,
    "precision_micro": 0.9868965517241379,
    "recall_micro": 0.9868965517241379,
    "f1_micro": 0.9868965517241379,
    "precision_macro": 0.6821107816617838,
    "recall_macro": 0.46865646850274395,
    "f1_macro": 0.49421983981564566
}