{
    "accuracy": 0.8639072847682119,
    "precision_micro": 0.8639072847682119,
    "recall_micro": 0.8639072847682119,
    "f1_micro": 0.8639072847682119,
    "precision_macro": 0.7103622112044796,
    "recall_macro": 0.5674706736519082,
    "f1_macro": 0.5839656384198629
}