{
    "accuracy": 0.9710443544295894,
    "precision_micro": 0.9710443544295894,
    "recall_micro": 0.9710443544295894,
    "f1_micro": 0.9710443544295894,
    "precision_macro": 0.5421986286507305,
    "recall_macro": 0.4763038409222209,
    "f1_macro": 0.4963640107075033
}