{
    "accuracy": 0.8836333333333334,
    "precision_micro": 0.8836333333333334,
    "recall_micro": 0.8836333333333334,
    "f1_micro": 0.8836333333333334,
    "precision_macro": 0.5349666192084583,
    "recall_macro": 0.4244282128272261,
    "f1_macro": 0.4445399461851798
}