{
    "accuracy": 0.8740875656742557,
    "precision_micro": 0.8740875656742557,
    "recall_micro": 0.8740875656742557,
    "f1_micro": 0.8740875656742557,
    "precision_macro": 0.7060253699402244,
    "recall_macro": 0.5992868579921009,
    "f1_macro": 0.6245146220951321
}