{
    "accuracy": 0.9660258961811328,
    "precision_micro": 0.9660258961811328,
    "recall_micro": 0.9660258961811328,
    "f1_micro": 0.9660258961811328,
    "precision_macro": 0.5233919770832065,
    "recall_macro": 0.4613914740752293,
    "f1_macro": 0.4804987661720121
}