{
    "accuracy": 0.8730928196147111,
    "precision_micro": 0.8730928196147111,
    "recall_micro": 0.8730928196147111,
    "f1_micro": 0.8730928196147111,
    "precision_macro": 0.7018874456486466,
    "recall_macro": 0.6026472412206727,
    "f1_macro": 0.6275991626025808
}