{
    "accuracy": 0.9905747126436781,
    "precision_micro": 0.9905747126436781,
    "recall_micro": 0.9905747126436781,
    "f1_micro": 0.9905747126436781,
    "precision_macro": 0.6709872777497601,
    "recall_macro": 0.5517698158058094,
    "f1_macro": 0.5910878329554077
}