{
    "accuracy": 0.9924137931034482,
    "precision_micro": 0.9924137931034482,
    "recall_micro": 0.9924137931034482,
    "f1_micro": 0.9924137931034482,
    "precision_macro": 0.7244424839907387,
    "recall_macro": 0.7156993201037639,
    "f1_macro": 0.6932084703695729
}