{
    "accuracy": 0.9424333333333333,
    "precision_micro": 0.9424333333333333,
    "recall_micro": 0.9424333333333333,
    "f1_micro": 0.9424333333333333,
    "precision_macro": 0.8891243152388163,
    "recall_macro": 0.7914501299913596,
    "f1_macro": 0.7817387991301058
}