{
    "accuracy": 0.874984238178634,
    "precision_micro": 0.874984238178634,
    "recall_micro": 0.874984238178634,
    "f1_micro": 0.874984238178634,
    "precision_macro": 0.7101989773807695,
    "recall_macro": 0.6013918375822699,
    "f1_macro": 0.6272901636305348
}