{
    "accuracy": 0.9938620689655172,
    "precision_micro": 0.9938620689655172,
    "recall_micro": 0.9938620689655172,
    "f1_micro": 0.9938620689655172,
    "precision_macro": 0.7344282165774528,
    "recall_macro": 0.7969278693997645,
    "f1_macro": 0.7455769814445905
}