{
    "accuracy": 0.9883666666666666,
    "precision_micro": 0.9883666666666666,
    "recall_micro": 0.9883666666666666,
    "f1_micro": 0.9883666666666666,
    "precision_macro": 0.9786930217511447,
    "recall_macro": 0.8533201489115253,
    "f1_macro": 0.8848638506246382
}