{
    "accuracy": 0.9959918522899008,
    "precision_micro": 0.9959918522899008,
    "recall_micro": 0.9959918522899008,
    "f1_micro": 0.9959918522899008,
    "precision_macro": 0.8272583982605187,
    "recall_macro": 0.6959880731954311,
    "f1_macro": 0.7341680078639803
}