{
    "accuracy": 0.8595760500643704,
    "precision_micro": 0.8595760500643704,
    "recall_micro": 0.8595760500643704,
    "f1_micro": 0.8595760500643704,
    "precision_macro": 0.8412916511283246,
    "recall_macro": 0.781086937245448,
    "f1_macro": 0.8068116823828803
}