{
    "accuracy": 0.8751803852889667,
    "precision_micro": 0.8751803852889667,
    "recall_micro": 0.8751803852889667,
    "f1_micro": 0.8751803852889667,
    "precision_macro": 0.711561861777901,
    "recall_macro": 0.588449009591282,
    "f1_macro": 0.612714234237921
}