{
    "accuracy": 0.9813666666666667,
    "precision_micro": 0.9813666666666667,
    "recall_micro": 0.9813666666666667,
    "f1_micro": 0.9813666666666667,
    "precision_macro": 0.923022663275477,
    "recall_macro": 0.7985401150073899,
    "f1_macro": 0.8258893928312349
}