{
    "accuracy": 0.9904597701149426,
    "precision_micro": 0.9904597701149426,
    "recall_micro": 0.9904597701149426,
    "f1_micro": 0.9904597701149426,
    "precision_macro": 0.666425555204974,
    "recall_macro": 0.5313273598383208,
    "f1_macro": 0.5696014671371878
}