{
    "accuracy": 0.7422778593721314,
    "precision_micro": 0.7422778593721314,
    "recall_micro": 0.7422778593721314,
    "f1_micro": 0.7422778593721314,
    "precision_macro": 0.7983542710120267,
    "recall_macro": 0.5950076248817593,
    "f1_macro": 0.6323411080137715
}