{
    "accuracy": 0.8606666666666667,
    "precision_micro": 0.8606666666666667,
    "recall_micro": 0.8606666666666667,
    "f1_micro": 0.8606666666666667,
    "precision_macro": 0.5693357094613938,
    "recall_macro": 0.6947240227727325,
    "f1_macro": 0.5590419572655051
}