{
    "accuracy": 0.997504105090312,
    "precision_micro": 0.997504105090312,
    "recall_micro": 0.997504105090312,
    "f1_micro": 0.997504105090312,
    "precision_macro": 0.8450264931243038,
    "recall_macro": 0.6823133269558616,
    "f1_macro": 0.726881900784769
}