{
    "accuracy": 0.9981379310344828,
    "precision_micro": 0.9981379310344828,
    "recall_micro": 0.9981379310344828,
    "f1_micro": 0.9981379310344828,
    "precision_macro": 0.7016426916374201,
    "recall_macro": 0.6168360361856947,
    "f1_macro": 0.6440842544929739
}