{
    "accuracy": 0.9866666666666667,
    "precision_micro": 0.9866666666666667,
    "recall_micro": 0.9866666666666667,
    "f1_micro": 0.9866666666666667,
    "precision_macro": 0.5990714823477603,
    "recall_macro": 0.5786475828563191,
    "f1_macro": 0.5643940116199648
}