{
    "accuracy": 0.7365866532035983,
    "precision_micro": 0.7365866532035983,
    "recall_micro": 0.7365866532035983,
    "f1_micro": 0.7365866532035983,
    "precision_macro": 0.7975886913655873,
    "recall_macro": 0.5821860825894735,
    "f1_macro": 0.6035512992496288
}