{
    "accuracy": 0.9388333333333333,
    "precision_micro": 0.9388333333333333,
    "recall_micro": 0.9388333333333333,
    "f1_micro": 0.9388333333333333,
    "precision_macro": 0.8943803430250526,
    "recall_macro": 0.8682775357343324,
    "f1_macro": 0.8337073100841128
}