{
    "accuracy": 0.9928965517241379,
    "precision_micro": 0.9928965517241379,
    "recall_micro": 0.9928965517241379,
    "f1_micro": 0.9928965517241379,
    "precision_macro": 0.7315125157963143,
    "recall_macro": 0.796752215087451,
    "f1_macro": 0.7415773237917503
}