{
    "accuracy": 0.9906896551724138,
    "precision_micro": 0.9906896551724138,
    "recall_micro": 0.9906896551724138,
    "f1_micro": 0.9906896551724138,
    "precision_macro": 0.6930350060882693,
    "recall_macro": 0.5390629260134459,
    "f1_macro": 0.5820337203999761
}