{
    "accuracy": 0.9102333333333333,
    "precision_micro": 0.9102333333333333,
    "recall_micro": 0.9102333333333333,
    "f1_micro": 0.9102333333333333,
    "precision_macro": 0.8372171662368217,
    "recall_macro": 0.6505394170123682,
    "f1_macro": 0.675737558411305
}