{
    "accuracy": 0.7795333333333333,
    "precision_micro": 0.7795333333333333,
    "recall_micro": 0.7795333333333333,
    "f1_micro": 0.7795333333333333,
    "precision_macro": 0.2965726327123011,
    "recall_macro": 0.5358845990575284,
    "f1_macro": 0.3117984039680431
}