{
    "accuracy": 0.9261666666666667,
    "precision_micro": 0.9261666666666667,
    "recall_micro": 0.9261666666666667,
    "f1_micro": 0.9261666666666667,
    "precision_macro": 0.9064621941590438,
    "recall_macro": 0.6904811813678546,
    "f1_macro": 0.7108071683319426
}