{
    "accuracy": 0.819441816461684,
    "precision_micro": 0.819441816461684,
    "recall_micro": 0.819441816461684,
    "f1_micro": 0.819441816461684,
    "precision_macro": 0.6572268444065241,
    "recall_macro": 0.5575507424205695,
    "f1_macro": 0.563599707143461
}