{
    "accuracy": 0.8380333333333333,
    "precision_micro": 0.8380333333333333,
    "recall_micro": 0.8380333333333333,
    "f1_micro": 0.8380333333333333,
    "precision_macro": 0.5445986851074162,
    "recall_macro": 0.4093953176203309,
    "f1_macro": 0.3062723177323019
}