{
    "accuracy": 0.9965505346671266,
    "precision_micro": 0.9965505346671266,
    "recall_micro": 0.9965505346671266,
    "f1_micro": 0.9965505346671266,
    "precision_macro": 0.9657600473294037,
    "recall_macro": 0.8776951298281059,
    "f1_macro": 0.9115809866257907
}