{
    "accuracy": 0.8193,
    "precision_micro": 0.8193,
    "recall_micro": 0.8193,
    "f1_micro": 0.8193,
    "precision_macro": 0.4381830980436145,
    "recall_macro": 0.5982807974990777,
    "f1_macro": 0.4182466954540234
}