{
    "accuracy": 0.8559272441877276,
    "precision_micro": 0.8559272441877276,
    "recall_micro": 0.8559272441877276,
    "f1_micro": 0.8559272441877276,
    "precision_macro": 0.8175491121632209,
    "recall_macro": 0.782250002127178,
    "f1_macro": 0.7981438651645799
}