{
    "accuracy": 0.9961247947454844,
    "precision_micro": 0.9961247947454844,
    "recall_micro": 0.9961247947454844,
    "f1_micro": 0.9961247947454844,
    "precision_macro": 0.6236376655202084,
    "recall_macro": 0.5377925422354398,
    "f1_macro": 0.5684757792640481
}