{
    "accuracy": 0.9858620689655172,
    "precision_micro": 0.9858620689655172,
    "recall_micro": 0.9858620689655172,
    "f1_micro": 0.9858620689655172,
    "precision_macro": 0.5233793410872873,
    "recall_macro": 0.46310260588448654,
    "f1_macro": 0.4782512966164179
}