{
    "accuracy": 0.9103666666666667,
    "precision_micro": 0.9103666666666667,
    "recall_micro": 0.9103666666666667,
    "f1_micro": 0.9103666666666667,
    "precision_macro": 0.6665952012618627,
    "recall_macro": 0.7168265068027591,
    "f1_macro": 0.6202577641095569
}