{
    "accuracy": 0.9945977011494253,
    "precision_micro": 0.9945977011494253,
    "recall_micro": 0.9945977011494253,
    "f1_micro": 0.9945977011494253,
    "precision_macro": 0.7805658633673422,
    "recall_macro": 0.7539230483079625,
    "f1_macro": 0.7595313029225595
}