{
    "accuracy": 0.7729666666666667,
    "precision_micro": 0.7729666666666667,
    "recall_micro": 0.7729666666666667,
    "f1_micro": 0.7729666666666667,
    "precision_macro": 0.3597769566585955,
    "recall_macro": 0.5747606253242759,
    "f1_macro": 0.373399751814451
}