{
    "accuracy": 0.9824333333333334,
    "precision_micro": 0.9824333333333334,
    "recall_micro": 0.9824333333333334,
    "f1_micro": 0.9824333333333334,
    "precision_macro": 0.9084308506967697,
    "recall_macro": 0.8707049929233847,
    "f1_macro": 0.8756090979516071
}