{
    "accuracy": 0.9476333333333333,
    "precision_micro": 0.9476333333333333,
    "recall_micro": 0.9476333333333333,
    "f1_micro": 0.9476333333333333,
    "precision_macro": 0.8584721237774607,
    "recall_macro": 0.9054381531588009,
    "f1_macro": 0.8571784181802612
}