{
    "accuracy": 0.8518722504870812,
    "precision_micro": 0.8518722504870812,
    "recall_micro": 0.8518722504870812,
    "f1_micro": 0.8518722504870812,
    "precision_macro": 0.8192856651623205,
    "recall_macro": 0.7927421824507918,
    "f1_macro": 0.8043957317011099
}