{
    "accuracy": 0.8433281270809875,
    "precision_micro": 0.8433281270809875,
    "recall_micro": 0.8433281270809875,
    "f1_micro": 0.8433281270809875,
    "precision_macro": 0.7793059147777488,
    "recall_macro": 0.6704148829072337,
    "f1_macro": 0.7087179707031106
}