{
    "accuracy": 0.874185639229422,
    "precision_micro": 0.874185639229422,
    "recall_micro": 0.874185639229422,
    "f1_micro": 0.874185639229422,
    "precision_macro": 0.7065027644877381,
    "recall_macro": 0.6000917676238222,
    "f1_macro": 0.6254448717800376
}