{
    "accuracy": 0.8958333333333334,
    "precision_micro": 0.8958333333333334,
    "recall_micro": 0.8958333333333334,
    "f1_micro": 0.8958333333333334,
    "precision_macro": 0.5829659076544433,
    "recall_macro": 0.5337600264251492,
    "f1_macro": 0.4873140270570821
}