{
    "accuracy": 0.8387666666666667,
    "precision_micro": 0.8387666666666667,
    "recall_micro": 0.8387666666666667,
    "f1_micro": 0.8387666666666667,
    "precision_macro": 0.45074661589590004,
    "recall_macro": 0.648505533632864,
    "f1_macro": 0.4242438565848091
}