{
    "accuracy": 0.9967159277504105,
    "precision_micro": 0.9967159277504105,
    "recall_micro": 0.9967159277504105,
    "f1_micro": 0.9967159277504105,
    "precision_macro": 0.8260495484378494,
    "recall_macro": 0.6408632223442988,
    "f1_macro": 0.6896449220485917
}