{
    "accuracy": 0.9278333333333333,
    "precision_micro": 0.9278333333333333,
    "recall_micro": 0.9278333333333333,
    "f1_micro": 0.9278333333333333,
    "precision_macro": 0.7749732015771381,
    "recall_macro": 0.7527613641065457,
    "f1_macro": 0.7476719331599357
}