{
    "accuracy": 0.9880431134733506,
    "precision_micro": 0.9880431134733506,
    "recall_micro": 0.9880431134733506,
    "f1_micro": 0.9880431134733506,
    "precision_macro": 0.5899703350832965,
    "recall_macro": 0.5070048317641436,
    "f1_macro": 0.5242569943001059
}