{
    "accuracy": 0.9925287356321839,
    "precision_micro": 0.9925287356321839,
    "recall_micro": 0.9925287356321839,
    "f1_micro": 0.9925287356321839,
    "precision_macro": 0.6806919749085127,
    "recall_macro": 0.6224989547574135,
    "f1_macro": 0.6441567677085025
}