{
    "accuracy": 0.9920689655172413,
    "precision_micro": 0.9920689655172413,
    "recall_micro": 0.9920689655172413,
    "f1_micro": 0.9920689655172413,
    "precision_macro": 0.6713615057441046,
    "recall_macro": 0.6190501286041744,
    "f1_macro": 0.6351775711825328
}