{
    "accuracy": 0.641225998774552,
    "precision_micro": 0.641225998774552,
    "recall_micro": 0.641225998774552,
    "f1_micro": 0.641225998774552,
    "precision_macro": 0.7215604678285866,
    "recall_macro": 0.6632088691479037,
    "f1_macro": 0.6682609289958327
}