{
    "accuracy": 0.9778266875834133,
    "precision_micro": 0.9778266875834133,
    "recall_micro": 0.9778266875834133,
    "f1_micro": 0.9778266875834133,
    "precision_macro": 0.6638863827811298,
    "recall_macro": 0.4579319103118151,
    "f1_macro": 0.4695274880778345
}