{
    "accuracy": 0.8806666666666667,
    "precision_micro": 0.8806666666666667,
    "recall_micro": 0.8806666666666667,
    "f1_micro": 0.8806666666666667,
    "precision_macro": 0.5735120005951206,
    "recall_macro": 0.4129709839797407,
    "f1_macro": 0.41127795195798855
}