{
    "accuracy": 0.7353015421332844,
    "precision_micro": 0.7353015421332844,
    "recall_micro": 0.7353015421332844,
    "f1_micro": 0.7353015421332844,
    "precision_macro": 0.811785578581001,
    "recall_macro": 0.5826428049627426,
    "f1_macro": 0.5998519091088664
}