{
    "accuracy": 0.7473580580091289,
    "precision_micro": 0.7473580580091289,
    "recall_micro": 0.7473580580091289,
    "f1_micro": 0.7473580580091289,
    "precision_macro": 0.7525766936969314,
    "recall_macro": 0.7093926551530522,
    "f1_macro": 0.7236496099026218
}