{
    "accuracy": 0.9718620689655172,
    "precision_micro": 0.9718620689655172,
    "recall_micro": 0.9718620689655172,
    "f1_micro": 0.9718620689655172,
    "precision_macro": 0.6921677600087236,
    "recall_macro": 0.792666230572606,
    "f1_macro": 0.7042392864558694
}