{
    "accuracy": 0.9924333333333333,
    "precision_micro": 0.9924333333333333,
    "recall_micro": 0.9924333333333333,
    "f1_micro": 0.9924333333333333,
    "precision_macro": 0.9332637344905417,
    "recall_macro": 0.9138226762890395,
    "f1_macro": 0.9211327638396527
}