{
    "accuracy": 0.9981379310344828,
    "precision_micro": 0.9981379310344828,
    "recall_micro": 0.9981379310344828,
    "f1_micro": 0.9981379310344828,
    "precision_macro": 0.706117524885576,
    "recall_macro": 0.5962713202396505,
    "f1_macro": 0.6364789726653202
}