{
    "accuracy": 0.9514778305899615,
    "precision_micro": 0.9514778305899615,
    "recall_micro": 0.9514778305899615,
    "f1_micro": 0.9514778305899615,
    "precision_macro": 0.5596894616654841,
    "recall_macro": 0.41495414856322216,
    "f1_macro": 0.44379117814930724
}