{
    "accuracy": 0.9969117550430383,
    "precision_micro": 0.9969117550430383,
    "recall_micro": 0.9969117550430383,
    "f1_micro": 0.9969117550430383,
    "precision_macro": 0.9361519938535565,
    "recall_macro": 0.7791981368515771,
    "f1_macro": 0.8335559320338989
}