{
  "split_definition": "CIC-like: train from Domain A (labeled), val/test from Domain B (future)",
  "settings": {
    "shift_mode": "cluster",
    "drift_strength": 0.9,
    "n_clusters": 12,
    "pca_dim": 10
  },
  "drift_report_train_vs_test": {
    "psi_mean": 0.10878130482144495,
    "psi_median": 0.10675357748400695,
    "psi_max": 0.35126503465389436,
    "js_mean": 0.013199509389107897,
    "js_median": 0.011527091647198694,
    "js_max": 0.03786985192061308,
    "mmd_rbf": 0.148455712076767
  },
  "sizes": {
    "train": 110930,
    "val": 71375,
    "test": 71375
  },
  "classes": {
    "n_classes": 2,
    "class_names": [
      "0",
      "1"
    ]
  }
}