{
    "accuracy": 0.8550116004488719,
    "precision_micro": 0.8550116004488719,
    "recall_micro": 0.8550116004488719,
    "f1_micro": 0.8550116004488719,
    "precision_macro": 0.8126972134114329,
    "recall_macro": 0.7823969059611657,
    "f1_macro": 0.7933597081810893
}