{
    "accuracy": 0.9904391736324116,
    "precision_micro": 0.9904391736324116,
    "recall_micro": 0.9904391736324116,
    "f1_micro": 0.9904391736324116,
    "precision_macro": 0.728449004519982,
    "recall_macro": 0.5778535049984544,
    "f1_macro": 0.6033284810109895
}