{
    "accuracy": 0.9835475738915295,
    "precision_micro": 0.9835475738915295,
    "recall_micro": 0.9835475738915295,
    "f1_micro": 0.9835475738915295,
    "precision_macro": 0.7254286399077237,
    "recall_macro": 0.4793365720808609,
    "f1_macro": 0.4965380191009771
}