{
    "accuracy": 0.9641137309076151,
    "precision_micro": 0.9641137309076151,
    "recall_micro": 0.9641137309076151,
    "f1_micro": 0.9641137309076151,
    "precision_macro": 0.6124490760307636,
    "recall_macro": 0.4366695719314593,
    "f1_macro": 0.4618369364631928
}