{
    "accuracy": 0.992183908045977,
    "precision_micro": 0.992183908045977,
    "recall_micro": 0.992183908045977,
    "f1_micro": 0.992183908045977,
    "precision_macro": 0.8496286163302651,
    "recall_macro": 0.6863160445365388,
    "f1_macro": 0.7448797216957991
}