{
    "accuracy": 0.7252845603084267,
    "precision_micro": 0.7252845603084267,
    "recall_micro": 0.7252845603084267,
    "f1_micro": 0.7252845603084267,
    "precision_macro": 0.7988812821968097,
    "recall_macro": 0.5714660878237687,
    "f1_macro": 0.5839626951427419
}