{
    "accuracy": 0.9933103448275862,
    "precision_micro": 0.9933103448275862,
    "recall_micro": 0.9933103448275862,
    "f1_micro": 0.9933103448275862,
    "precision_macro": 0.7326534404492332,
    "recall_macro": 0.7967760381473455,
    "f1_macro": 0.7431459253580813
}