{
    "accuracy": 0.8064,
    "precision_micro": 0.8064,
    "recall_micro": 0.8064,
    "f1_micro": 0.8064,
    "precision_macro": 0.5174167054442085,
    "recall_macro": 0.7225769349203464,
    "f1_macro": 0.5113009075513104
}