{
    "accuracy": 0.9905747126436781,
    "precision_micro": 0.9905747126436781,
    "recall_micro": 0.9905747126436781,
    "f1_micro": 0.9905747126436781,
    "precision_macro": 0.6697722408059399,
    "recall_macro": 0.5525796775419423,
    "f1_macro": 0.5906970495228947
}