{
    "accuracy": 0.9933103448275862,
    "precision_micro": 0.9933103448275862,
    "recall_micro": 0.9933103448275862,
    "f1_micro": 0.9933103448275862,
    "precision_macro": 0.6614296087231131,
    "recall_macro": 0.7971401257758054,
    "f1_macro": 0.695986736651359
}