{
    "accuracy": 0.7387897007527079,
    "precision_micro": 0.7387897007527079,
    "recall_micro": 0.7387897007527079,
    "f1_micro": 0.7387897007527079,
    "precision_macro": 0.791345049326093,
    "recall_macro": 0.6041773749455845,
    "f1_macro": 0.6160011039285136
}