{
    "accuracy": 0.997371706419607,
    "precision_micro": 0.997371706419607,
    "recall_micro": 0.997371706419607,
    "f1_micro": 0.997371706419607,
    "precision_macro": 0.9682831743692673,
    "recall_macro": 0.8206794567447648,
    "f1_macro": 0.8757965818858571
}