{
    "accuracy": 0.7922463162737762,
    "precision_micro": 0.7922463162737762,
    "recall_micro": 0.7922463162737762,
    "f1_micro": 0.7922463162737762,
    "precision_macro": 0.7120480808215933,
    "recall_macro": 0.601094523500734,
    "f1_macro": 0.6288975776192602
}