{
    "accuracy": 0.9236850936960984,
    "precision_micro": 0.9236850936960984,
    "recall_micro": 0.9236850936960984,
    "f1_micro": 0.9236850936960984,
    "precision_macro": 0.43655079727956936,
    "recall_macro": 0.21239355086991715,
    "f1_macro": 0.21554064135316858
}