{
    "accuracy": 0.6691333333333334,
    "precision_micro": 0.6691333333333334,
    "recall_micro": 0.6691333333333334,
    "f1_micro": 0.6691333333333334,
    "precision_macro": 0.3610887988298443,
    "recall_macro": 0.6056201503128263,
    "f1_macro": 0.3194931681304662
}