{
    "accuracy": 0.9962561576354679,
    "precision_micro": 0.9962561576354679,
    "recall_micro": 0.9962561576354679,
    "f1_micro": 0.9962561576354679,
    "precision_macro": 0.6121443436544227,
    "recall_macro": 0.5120724587131452,
    "f1_macro": 0.5418012683606637
}