{
    "accuracy": 0.9402666666666667,
    "precision_micro": 0.9402666666666667,
    "recall_micro": 0.9402666666666667,
    "f1_micro": 0.9402666666666667,
    "precision_macro": 0.7247798946122944,
    "recall_macro": 0.7781603046150751,
    "f1_macro": 0.7127183440329179
}