{
    "accuracy": 0.9804666666666667,
    "precision_micro": 0.9804666666666667,
    "recall_micro": 0.9804666666666667,
    "f1_micro": 0.9804666666666667,
    "precision_macro": 0.7801008033284196,
    "recall_macro": 0.7879755025228482,
    "f1_macro": 0.7747093477274524
}