{
    "accuracy": 0.7312052505966588,
    "precision_micro": 0.7312052505966588,
    "recall_micro": 0.7312052505966588,
    "f1_micro": 0.7312052505966588,
    "precision_macro": 0.8091670042551146,
    "recall_macro": 0.5675317806777382,
    "f1_macro": 0.5944675502732373
}