{
    "accuracy": 0.8642068748029013,
    "precision_micro": 0.8642068748029013,
    "recall_micro": 0.8642068748029013,
    "f1_micro": 0.8642068748029013,
    "precision_macro": 0.7134309228278468,
    "recall_macro": 0.5641902965993818,
    "f1_macro": 0.5793844967993816
}