{
    "accuracy": 0.8674666666666667,
    "precision_micro": 0.8674666666666667,
    "recall_micro": 0.8674666666666667,
    "f1_micro": 0.8674666666666667,
    "precision_macro": 0.6717995664887169,
    "recall_macro": 0.8365946441399201,
    "f1_macro": 0.7074137255837535
}