{
    "accuracy": 0.8613686534216336,
    "precision_micro": 0.8613686534216336,
    "recall_micro": 0.8613686534216336,
    "f1_micro": 0.8613686534216336,
    "precision_macro": 0.6964656540834933,
    "recall_macro": 0.5978428404134304,
    "f1_macro": 0.6207473759972099
}