{
    "accuracy": 0.7310122591943958,
    "precision_micro": 0.7310122591943958,
    "recall_micro": 0.7310122591943958,
    "f1_micro": 0.7310122591943958,
    "precision_macro": 0.6034228617627391,
    "recall_macro": 0.6978438373159628,
    "f1_macro": 0.6054931505744086
}