{
    "accuracy": 0.8744518388791593,
    "precision_micro": 0.8744518388791593,
    "recall_micro": 0.8744518388791593,
    "f1_micro": 0.8744518388791593,
    "precision_macro": 0.707640552700448,
    "recall_macro": 0.5954246787758892,
    "f1_macro": 0.6204202166883203
}