{
    "accuracy": 0.7242948510529903,
    "precision_micro": 0.7242948510529903,
    "recall_micro": 0.7242948510529903,
    "f1_micro": 0.7242948510529903,
    "precision_macro": 0.682593768855636,
    "recall_macro": 0.6997385586289048,
    "f1_macro": 0.6837847626257341
}