{
    "accuracy": 0.9908045977011494,
    "precision_micro": 0.9908045977011494,
    "recall_micro": 0.9908045977011494,
    "f1_micro": 0.9908045977011494,
    "precision_macro": 0.6999268590249587,
    "recall_macro": 0.5493085323492136,
    "f1_macro": 0.5948464589699186
}