{
    "accuracy": 0.9892413793103448,
    "precision_micro": 0.9892413793103448,
    "recall_micro": 0.9892413793103448,
    "f1_micro": 0.9892413793103448,
    "precision_macro": 0.6898875105918132,
    "recall_macro": 0.7967124985855618,
    "f1_macro": 0.7125022858156347
}