{
    "accuracy": 0.9978973651356856,
    "precision_micro": 0.9978973651356856,
    "recall_micro": 0.9978973651356856,
    "f1_micro": 0.9978973651356856,
    "precision_macro": 0.9733286319459615,
    "recall_macro": 0.853805657311163,
    "f1_macro": 0.9009590122265841
}