{
    "accuracy": 0.9924137931034482,
    "precision_micro": 0.9924137931034482,
    "recall_micro": 0.9924137931034482,
    "f1_micro": 0.9924137931034482,
    "precision_macro": 0.7188905875989736,
    "recall_macro": 0.6683005670595289,
    "f1_macro": 0.68414676961653
}