active_learning_function,num_runs,f1_macro_mean,f1_macro_std,f1_macro (mean ± std)
clue_1.0,1,0.46958783131167103,,0.4696 ± nan
coreset_1.0,1,0.23223380162659188,,0.2322 ± nan
density_1.0,1,0.3194931681304662,,0.3195 ± nan
entropy_1.0,1,0.3943396742350959,,0.3943 ± nan
galaxy_1.0,1,0.3199862769313979,,0.32 ± nan
margin_1.0,1,0.4872767653473471,,0.4873 ± nan
powermargin_1.0,2,0.7397904016723456,0.2556169014579931,0.7398 ± 0.2556
random_1.0,1,0.4514575401793928,,0.4515 ± nan
