active_learning_function,num_runs,f1_macro_mean,f1_macro_std,f1_macro (mean ± std)
entropy_1.0,2,0.39372922643795816,0.06849036579701016,0.3937 ± 0.0685
powermargin_1.0,2,0.8335254653587639,0.07323740573065707,0.8335 ± 0.0732
random_1.0,2,0.8354599341856455,0.013534789382660119,0.8355 ± 0.0135
