{
    "accuracy": 0.9963875205254515,
    "precision_micro": 0.9963875205254515,
    "recall_micro": 0.9963875205254515,
    "f1_micro": 0.9963875205254515,
    "precision_macro": 0.6220490998746374,
    "recall_macro": 0.5360589340572187,
    "f1_macro": 0.5645251721964156
}