{
    "accuracy": 0.8527603560683772,
    "precision_micro": 0.8527603560683772,
    "recall_micro": 0.8527603560683772,
    "f1_micro": 0.8527603560683772,
    "precision_macro": 0.8176102430949806,
    "recall_macro": 0.7780592586008385,
    "f1_macro": 0.795838049384051
}