{
    "accuracy": 0.9926436781609196,
    "precision_micro": 0.9926436781609196,
    "recall_micro": 0.9926436781609196,
    "f1_micro": 0.9926436781609196,
    "precision_macro": 0.704510523452819,
    "recall_macro": 0.6248914506258064,
    "f1_macro": 0.6542602753620423
}