{
    "accuracy": 0.8596666666666667,
    "precision_micro": 0.8596666666666667,
    "recall_micro": 0.8596666666666667,
    "f1_micro": 0.8596666666666667,
    "precision_macro": 0.5662411521543884,
    "recall_macro": 0.3921084133464957,
    "f1_macro": 0.3709986286841796
}