{
    "accuracy": 0.8563678547086807,
    "precision_micro": 0.8563678547086807,
    "recall_micro": 0.8563678547086807,
    "f1_micro": 0.8563678547086807,
    "precision_macro": 0.7973043516490849,
    "recall_macro": 0.7934067215836731,
    "f1_macro": 0.7951084896081758
}