{
    "accuracy": 0.7442170001835873,
    "precision_micro": 0.7442170001835873,
    "recall_micro": 0.7442170001835873,
    "f1_micro": 0.7442170001835873,
    "precision_macro": 0.79491111558372,
    "recall_macro": 0.6016432791678616,
    "f1_macro": 0.6394424967732764
}