{
    "accuracy": 0.9881609195402299,
    "precision_micro": 0.9881609195402299,
    "recall_micro": 0.9881609195402299,
    "f1_micro": 0.9881609195402299,
    "precision_macro": 0.6850887137799793,
    "recall_macro": 0.49031449559021983,
    "f1_macro": 0.5264973196062718
}