{
    "accuracy": 0.9938620689655172,
    "precision_micro": 0.9938620689655172,
    "recall_micro": 0.9938620689655172,
    "f1_micro": 0.9938620689655172,
    "precision_macro": 0.7344281988202456,
    "recall_macro": 0.7970841845341602,
    "f1_macro": 0.7456561655357359
}