{
    "accuracy": 0.993448275862069,
    "precision_micro": 0.993448275862069,
    "recall_micro": 0.993448275862069,
    "f1_micro": 0.993448275862069,
    "precision_macro": 0.8537846617622417,
    "recall_macro": 0.7046054130231925,
    "f1_macro": 0.7609466863687547
}