{
    "accuracy": 0.9982068965517241,
    "precision_micro": 0.9982068965517241,
    "recall_micro": 0.9982068965517241,
    "f1_micro": 0.9982068965517241,
    "precision_macro": 0.7137696051129352,
    "recall_macro": 0.6138043962690605,
    "f1_macro": 0.649729988032169
}