{
    "accuracy": 0.9823456414338898,
    "precision_micro": 0.9823456414338898,
    "recall_micro": 0.9823456414338898,
    "f1_micro": 0.9823456414338898,
    "precision_macro": 0.6648521914465408,
    "recall_macro": 0.48170374889010203,
    "f1_macro": 0.4952955778885917
}