{
    "accuracy": 0.9013666666666666,
    "precision_micro": 0.9013666666666666,
    "recall_micro": 0.9013666666666666,
    "f1_micro": 0.9013666666666666,
    "precision_macro": 0.702724297686172,
    "recall_macro": 0.5233123786675112,
    "f1_macro": 0.557253638825654
}