{
    "accuracy": 0.9906896551724138,
    "precision_micro": 0.9906896551724138,
    "recall_micro": 0.9906896551724138,
    "f1_micro": 0.9906896551724138,
    "precision_macro": 0.7015782445758344,
    "recall_macro": 0.5602519804031615,
    "f1_macro": 0.6045490665538872
}