feature,psi,js_divergence
Bpv Open,0.1426580234399852,0.023623201139661813
Bypass,0.13661395805776616,0.02435584941084577
Fpv Open,0.07777193766128089,0.013934806637507468
Bpv Close,0.06885585306157892,0.01090169896174894
Rad Flow,0.02929723610103362,0.003754871796450073
High,0.0030871975516252557,0.0002924461356099278
Fpv Close,0.00041484825162953844,0.0003572480180080399
