feature,psi,js_divergence
Bpv Close,0.0010076394163586345,0.00015149688031599272
Bypass,0.000982741022963237,0.00028077762947521887
Fpv Open,0.0009373328449745072,0.00015247108345181945
Rad Flow,0.0008847083804611869,0.00024670792765514924
High,0.00038331429560577147,0.0002212680488862305
Bpv Open,0.00011903548129839928,0.0001207531394483964
Fpv Close,0.00011533892491239873,0.0002503190210059177
