{
    "accuracy": 0.9973793103448276,
    "precision_micro": 0.9973793103448276,
    "recall_micro": 0.9973793103448276,
    "f1_micro": 0.9973793103448276,
    "precision_macro": 0.6892302122600883,
    "recall_macro": 0.5043436293436293,
    "f1_macro": 0.537614694574022
}