{
    "accuracy": 0.7855205646967661,
    "precision_micro": 0.7855205646967661,
    "recall_micro": 0.7855205646967661,
    "f1_micro": 0.7855205646967661,
    "precision_macro": 0.6246609718322708,
    "recall_macro": 0.6437848612873059,
    "f1_macro": 0.6317344007373975
}