{
    "accuracy": 0.8608666666666667,
    "precision_micro": 0.8608666666666667,
    "recall_micro": 0.8608666666666667,
    "f1_micro": 0.8608666666666667,
    "precision_macro": 0.7083839069023058,
    "recall_macro": 0.8502275294243208,
    "f1_macro": 0.6893654132655158
}