{
    "accuracy": 0.790584938704028,
    "precision_micro": 0.790584938704028,
    "recall_micro": 0.790584938704028,
    "f1_micro": 0.790584938704028,
    "precision_macro": 0.6278958145527167,
    "recall_macro": 0.7045729610952125,
    "f1_macro": 0.645256589595028
}