{
    "accuracy": 0.9589666666666666,
    "precision_micro": 0.9589666666666666,
    "recall_micro": 0.9589666666666666,
    "f1_micro": 0.9589666666666666,
    "precision_macro": 0.8556389805503657,
    "recall_macro": 0.8962628270702111,
    "f1_macro": 0.8519762401554182
}