{
    "accuracy": 0.8645064648375906,
    "precision_micro": 0.8645064648375906,
    "recall_micro": 0.8645064648375906,
    "f1_micro": 0.8645064648375906,
    "precision_macro": 0.7140744636094709,
    "recall_macro": 0.5693331520576556,
    "f1_macro": 0.5866470027647147
}