{
    "accuracy": 0.9794266626081934,
    "precision_micro": 0.9794266626081934,
    "recall_micro": 0.9794266626081934,
    "f1_micro": 0.9794266626081934,
    "precision_macro": 0.5547660899892204,
    "recall_macro": 0.48956266656365804,
    "f1_macro": 0.5081604489511568
}