{
    "accuracy": 0.9979310344827587,
    "precision_micro": 0.9979310344827587,
    "recall_micro": 0.9979310344827587,
    "f1_micro": 0.9979310344827587,
    "precision_macro": 0.7847259013591762,
    "recall_macro": 0.7392612892964058,
    "f1_macro": 0.7293482026629763
}