{
    "accuracy": 0.9978325123152709,
    "precision_micro": 0.9978325123152709,
    "recall_micro": 0.9978325123152709,
    "f1_micro": 0.9978325123152709,
    "precision_macro": 0.9951290018766662,
    "recall_macro": 0.7210555945124584,
    "f1_macro": 0.7782433983072556
}