{
    "accuracy": 0.9233416844224871,
    "precision_micro": 0.9233416844224871,
    "recall_micro": 0.9233416844224871,
    "f1_micro": 0.9233416844224871,
    "precision_macro": 0.3651800021418232,
    "recall_macro": 0.2195845446695559,
    "f1_macro": 0.2257628597596487
}