{
    "accuracy": 0.7218422985129429,
    "precision_micro": 0.7218422985129429,
    "recall_micro": 0.7218422985129429,
    "f1_micro": 0.7218422985129429,
    "precision_macro": 0.8039011079896776,
    "recall_macro": 0.5554012660140055,
    "f1_macro": 0.603086515693463
}