{
    "accuracy": 0.8776322241681261,
    "precision_micro": 0.8776322241681261,
    "recall_micro": 0.8776322241681261,
    "f1_micro": 0.8776322241681261,
    "precision_macro": 0.7271624456955728,
    "recall_macro": 0.5844733152202247,
    "f1_macro": 0.6089470569520458
}