{
    "accuracy": 0.9901149425287357,
    "precision_micro": 0.9901149425287357,
    "recall_micro": 0.9901149425287357,
    "f1_micro": 0.9901149425287357,
    "precision_macro": 0.6573265361023534,
    "recall_macro": 0.5404823857950548,
    "f1_macro": 0.5776511765012385
}