{
    "accuracy": 0.9873563218390805,
    "precision_micro": 0.9873563218390805,
    "recall_micro": 0.9873563218390805,
    "f1_micro": 0.9873563218390805,
    "precision_macro": 0.5605209555041683,
    "recall_macro": 0.4652967922374839,
    "f1_macro": 0.4849420372943311
}