{
    "accuracy": 0.8394666666666667,
    "precision_micro": 0.8394666666666667,
    "recall_micro": 0.8394666666666667,
    "f1_micro": 0.8394666666666667,
    "precision_macro": 0.5774302512303519,
    "recall_macro": 0.7413290880865985,
    "f1_macro": 0.5226564269529744
}