{
    "accuracy": 0.9866666666666667,
    "precision_micro": 0.9866666666666667,
    "recall_micro": 0.9866666666666667,
    "f1_micro": 0.9866666666666667,
    "precision_macro": 0.5285183221960313,
    "recall_macro": 0.456999765905482,
    "f1_macro": 0.47114028599443675
}