{
    "accuracy": 0.9439333333333333,
    "precision_micro": 0.9439333333333333,
    "recall_micro": 0.9439333333333333,
    "f1_micro": 0.9439333333333333,
    "precision_macro": 0.8383840953124955,
    "recall_macro": 0.8111292173766482,
    "f1_macro": 0.821881995939676
}