{
    "accuracy": 0.8661666666666666,
    "precision_micro": 0.8661666666666666,
    "recall_micro": 0.8661666666666666,
    "f1_micro": 0.8661666666666666,
    "precision_macro": 0.7941497983885243,
    "recall_macro": 0.5508766182815124,
    "f1_macro": 0.5403298577812807
}