{
    "accuracy": 0.9897701149425288,
    "precision_micro": 0.9897701149425288,
    "recall_micro": 0.9897701149425288,
    "f1_micro": 0.9897701149425288,
    "precision_macro": 0.6219456781611215,
    "recall_macro": 0.5362382593874712,
    "f1_macro": 0.5606593179436905
}