{
    "accuracy": 0.9975697865353038,
    "precision_micro": 0.9975697865353038,
    "recall_micro": 0.9975697865353038,
    "f1_micro": 0.9975697865353038,
    "precision_macro": 0.8451082789599358,
    "recall_macro": 0.6968000156936681,
    "f1_macro": 0.7326490046099324
}