{
    "accuracy": 0.8634333333333334,
    "precision_micro": 0.8634333333333334,
    "recall_micro": 0.8634333333333334,
    "f1_micro": 0.8634333333333334,
    "precision_macro": 0.6380319667000145,
    "recall_macro": 0.3784608233962071,
    "f1_macro": 0.35335837863693265
}