{
    "accuracy": 0.9871666666666666,
    "precision_micro": 0.9871666666666666,
    "recall_micro": 0.9871666666666666,
    "f1_micro": 0.9871666666666666,
    "precision_macro": 0.8229518036616439,
    "recall_macro": 0.8438884920660767,
    "f1_macro": 0.8293269292841986
}