feature,psi,js_divergence
Bypass,0.9480783085600704,0.14945664533345598
Bpv Close,0.868181320585441,0.0644368695063893
Rad Flow,0.661599696499873,0.08201234161227319
Fpv Open,0.6131857357840158,0.04499022255888943
Bpv Open,0.02563291093854181,0.021127630719140204
High,0.009808732522947151,0.00025244989069475815
Fpv Close,0.00667679644268535,0.00024029400153349577
