{
    "accuracy": 0.9711926447977397,
    "precision_micro": 0.9711926447977397,
    "recall_micro": 0.9711926447977397,
    "f1_micro": 0.9711926447977397,
    "precision_macro": 0.55817642847133,
    "recall_macro": 0.44543379097457425,
    "f1_macro": 0.4596515137533254
}