{
    "accuracy": 0.8475666666666667,
    "precision_micro": 0.8475666666666667,
    "recall_micro": 0.8475666666666667,
    "f1_micro": 0.8475666666666667,
    "precision_macro": 0.6185665897099075,
    "recall_macro": 0.6873565133733432,
    "f1_macro": 0.578402357181132
}