{
    "accuracy": 0.9901816166772031,
    "precision_micro": 0.9901816166772031,
    "recall_micro": 0.9901816166772031,
    "f1_micro": 0.9901816166772031,
    "precision_macro": 0.6477537960064261,
    "recall_macro": 0.6070550818015954,
    "f1_macro": 0.6191570799697084
}