{
    "accuracy": 0.9919540229885058,
    "precision_micro": 0.9919540229885058,
    "recall_micro": 0.9919540229885058,
    "f1_micro": 0.9919540229885058,
    "precision_macro": 0.7009782154617307,
    "recall_macro": 0.7229813264062626,
    "f1_macro": 0.6926106700081723
}