{
    "accuracy": 0.8441333333333333,
    "precision_micro": 0.8441333333333333,
    "recall_micro": 0.8441333333333333,
    "f1_micro": 0.8441333333333333,
    "precision_macro": 0.4919293453350348,
    "recall_macro": 0.5314064470834464,
    "f1_macro": 0.45930141277591996
}