{
    "accuracy": 0.9121666666666667,
    "precision_micro": 0.9121666666666667,
    "recall_micro": 0.9121666666666667,
    "f1_micro": 0.9121666666666667,
    "precision_macro": 0.8263301114420446,
    "recall_macro": 0.7401873917294479,
    "f1_macro": 0.7509033123940936
}