{
    "accuracy": 0.8565330836540381,
    "precision_micro": 0.8565330836540381,
    "recall_micro": 0.8565330836540381,
    "f1_micro": 0.8565330836540381,
    "precision_macro": 0.822051263239471,
    "recall_macro": 0.7700833771889464,
    "f1_macro": 0.7940464536842243
}