{
    "accuracy": 0.9863666666666666,
    "precision_micro": 0.9863666666666666,
    "recall_micro": 0.9863666666666666,
    "f1_micro": 0.9863666666666666,
    "precision_macro": 0.8265241131318812,
    "recall_macro": 0.8334976657503703,
    "f1_macro": 0.8297645335681043
}