{
    "accuracy": 0.7576991922158987,
    "precision_micro": 0.7576991922158987,
    "recall_micro": 0.7576991922158987,
    "f1_micro": 0.7576991922158987,
    "precision_macro": 0.8078208258326368,
    "recall_macro": 0.5959407176410494,
    "f1_macro": 0.6351887612670247
}