{
    "accuracy": 0.8225333333333333,
    "precision_micro": 0.8225333333333333,
    "recall_micro": 0.8225333333333333,
    "f1_micro": 0.8225333333333333,
    "precision_macro": 0.6820036391359987,
    "recall_macro": 0.636606286984564,
    "f1_macro": 0.5130936585662247
}