{
    "accuracy": 0.997043169722058,
    "precision_micro": 0.997043169722058,
    "recall_micro": 0.997043169722058,
    "f1_micro": 0.997043169722058,
    "precision_macro": 0.8753472839384265,
    "recall_macro": 0.8262774754632195,
    "f1_macro": 0.8364996718783713
}