{
    "accuracy": 0.8638757489750867,
    "precision_micro": 0.8638757489750867,
    "recall_micro": 0.8638757489750867,
    "f1_micro": 0.8638757489750867,
    "precision_macro": 0.7104338344312754,
    "recall_macro": 0.5662219880882734,
    "f1_macro": 0.5822165218459739
}