{
    "accuracy": 0.8354,
    "precision_micro": 0.8354,
    "recall_micro": 0.8354,
    "f1_micro": 0.8354,
    "precision_macro": 0.3480390509591166,
    "recall_macro": 0.42919209857330315,
    "f1_macro": 0.2535754082668581
}