{
    "accuracy": 0.8590192368338063,
    "precision_micro": 0.8590192368338063,
    "recall_micro": 0.8590192368338063,
    "f1_micro": 0.8590192368338063,
    "precision_macro": 0.6914574226607536,
    "recall_macro": 0.619049941658999,
    "f1_macro": 0.6412176512578572
}