{
    "accuracy": 0.9885035940902386,
    "precision_micro": 0.9885035940902386,
    "recall_micro": 0.9885035940902386,
    "f1_micro": 0.9885035940902386,
    "precision_macro": 0.6625202027273143,
    "recall_macro": 0.5307022303469834,
    "f1_macro": 0.5385677472137573
}