{
    "accuracy": 0.8660666666666667,
    "precision_micro": 0.8660666666666667,
    "recall_micro": 0.8660666666666667,
    "f1_micro": 0.8660666666666667,
    "precision_macro": 0.5324227652166876,
    "recall_macro": 0.3872727797265801,
    "f1_macro": 0.3566550971984889
}