{
    "accuracy": 0.6902712078208767,
    "precision_micro": 0.6902712078208767,
    "recall_micro": 0.6902712078208767,
    "f1_micro": 0.6902712078208767,
    "precision_macro": 0.5869950502216021,
    "recall_macro": 0.6301954733452304,
    "f1_macro": 0.5873144441715522
}