{
    "accuracy": 0.9982068965517241,
    "precision_micro": 0.9982068965517241,
    "recall_micro": 0.9982068965517241,
    "f1_micro": 0.9982068965517241,
    "precision_macro": 0.7137571860320183,
    "recall_macro": 0.6101116575939898,
    "f1_macro": 0.6462486452730466
}