{
    "accuracy": 0.6985808893093661,
    "precision_micro": 0.6985808893093661,
    "recall_micro": 0.6985808893093661,
    "f1_micro": 0.6985808893093661,
    "precision_macro": 0.553325413344339,
    "recall_macro": 0.5693125592404817,
    "f1_macro": 0.5553551776657769
}