{
    "accuracy": 0.8841333333333333,
    "precision_micro": 0.8841333333333333,
    "recall_micro": 0.8841333333333333,
    "f1_micro": 0.8841333333333333,
    "precision_macro": 0.7448292619744911,
    "recall_macro": 0.564131589806328,
    "f1_macro": 0.56501113447808
}