{
    "accuracy": 0.8751103327495622,
    "precision_micro": 0.8751103327495622,
    "recall_micro": 0.8751103327495622,
    "f1_micro": 0.8751103327495622,
    "precision_macro": 0.7107777369392689,
    "recall_macro": 0.6051139810161095,
    "f1_macro": 0.6313519819565225
}