{
    "accuracy": 0.9913793103448276,
    "precision_micro": 0.9913793103448276,
    "recall_micro": 0.9913793103448276,
    "f1_micro": 0.9913793103448276,
    "precision_macro": 0.7247965014987711,
    "recall_macro": 0.686409725610757,
    "f1_macro": 0.6572854111084698
}