{
    "accuracy": 0.9948748275182338,
    "precision_micro": 0.9948748275182338,
    "recall_micro": 0.9948748275182338,
    "f1_micro": 0.9948748275182338,
    "precision_macro": 0.7704742254179062,
    "recall_macro": 0.7106967089784553,
    "f1_macro": 0.7233133748204313
}