{
    "accuracy": 0.9986896551724138,
    "precision_micro": 0.9986896551724138,
    "recall_micro": 0.9986896551724138,
    "f1_micro": 0.9986896551724138,
    "precision_macro": 0.8565664256473752,
    "recall_macro": 0.7998858089573625,
    "f1_macro": 0.8210830337623627
}