{
    "accuracy": 0.9758333333333333,
    "precision_micro": 0.9758333333333333,
    "recall_micro": 0.9758333333333333,
    "f1_micro": 0.9758333333333333,
    "precision_macro": 0.8778038684329728,
    "recall_macro": 0.8705654693518586,
    "f1_macro": 0.832843084201185
}