{
    "accuracy": 0.9281962427903564,
    "precision_micro": 0.9281962427903564,
    "recall_micro": 0.9281962427903564,
    "f1_micro": 0.9281962427903564,
    "precision_macro": 0.5360233158224856,
    "recall_macro": 0.3851956899297065,
    "f1_macro": 0.413556032832975
}