{
    "accuracy": 0.8235572374645223,
    "precision_micro": 0.8235572374645223,
    "recall_micro": 0.8235572374645223,
    "f1_micro": 0.8235572374645223,
    "precision_macro": 0.6779183712288326,
    "recall_macro": 0.5793290073401745,
    "f1_macro": 0.593466535243246
}