{
    "accuracy": 0.9979310344827587,
    "precision_micro": 0.9979310344827587,
    "recall_micro": 0.9979310344827587,
    "f1_micro": 0.9979310344827587,
    "precision_macro": 0.7345101798399893,
    "recall_macro": 0.7591186710480284,
    "f1_macro": 0.7035477892520806
}