{
    "accuracy": 0.9980689655172413,
    "precision_micro": 0.9980689655172413,
    "recall_micro": 0.9980689655172413,
    "f1_micro": 0.9980689655172413,
    "precision_macro": 0.6914388040060946,
    "recall_macro": 0.6169424163920529,
    "f1_macro": 0.639224514480903
}