{
    "accuracy": 0.9981379310344828,
    "precision_micro": 0.9981379310344828,
    "recall_micro": 0.9981379310344828,
    "f1_micro": 0.9981379310344828,
    "precision_macro": 0.7034864424683821,
    "recall_macro": 0.6062506537329859,
    "f1_macro": 0.6382522294611164
}