{
    "accuracy": 0.7890801883936895,
    "precision_micro": 0.7890801883936895,
    "recall_micro": 0.7890801883936895,
    "f1_micro": 0.7890801883936895,
    "precision_macro": 0.6871681621348197,
    "recall_macro": 0.6056040161800395,
    "f1_macro": 0.6257869478963596
}