{
    "accuracy": 0.9847495063491691,
    "precision_micro": 0.9847495063491691,
    "recall_micro": 0.9847495063491691,
    "f1_micro": 0.9847495063491691,
    "precision_macro": 0.7218070989295238,
    "recall_macro": 0.5036635892059061,
    "f1_macro": 0.5549019402317675
}