feature,psi,js_divergence
Bpv Open,0.1411135706473129,0.02130180437808303
Bypass,0.11859165323850622,0.02256840257105331
Fpv Open,0.07863762309694167,0.013734998731978492
Bpv Close,0.0715541874837528,0.009757243534801455
Rad Flow,0.026367972804876637,0.005424485498536212
High,0.00021353936489567528,0.0003184044494357148
Fpv Close,0.00015016052827240755,0.0002298921726703216
