{
    "accuracy": 0.5780037842951751,
    "precision_micro": 0.5780037842951751,
    "recall_micro": 0.5780037842951751,
    "f1_micro": 0.5780037842951751,
    "precision_macro": 0.5427567466850235,
    "recall_macro": 0.5722700042747808,
    "f1_macro": 0.507722462719923
}