{
    "accuracy": 0.9980689655172413,
    "precision_micro": 0.9980689655172413,
    "recall_micro": 0.9980689655172413,
    "f1_micro": 0.9980689655172413,
    "precision_macro": 0.7032351769521664,
    "recall_macro": 0.6169424163920529,
    "f1_macro": 0.6411849101738981
}