{
    "accuracy": 0.8944328673893871,
    "precision_micro": 0.8944328673893871,
    "recall_micro": 0.8944328673893871,
    "f1_micro": 0.8944328673893871,
    "precision_macro": 0.5732116416649786,
    "recall_macro": 0.3789416395557683,
    "f1_macro": 0.40907278571787326
}