{
    "accuracy": 0.9127333333333333,
    "precision_micro": 0.9127333333333333,
    "recall_micro": 0.9127333333333333,
    "f1_micro": 0.9127333333333333,
    "precision_macro": 0.7698499424291565,
    "recall_macro": 0.5660029572338432,
    "f1_macro": 0.5852448600293222
}