{
    "accuracy": 0.9946206896551724,
    "precision_micro": 0.9946206896551724,
    "recall_micro": 0.9946206896551724,
    "f1_micro": 0.9946206896551724,
    "precision_macro": 0.7376588904947327,
    "recall_macro": 0.7970658835022962,
    "f1_macro": 0.7498619659883161
}