{
    "accuracy": 0.9948275862068966,
    "precision_micro": 0.9948275862068966,
    "recall_micro": 0.9948275862068966,
    "f1_micro": 0.9948275862068966,
    "precision_macro": 0.8496428884927544,
    "recall_macro": 0.7515092730683827,
    "f1_macro": 0.7910353267525982
}