{
    "accuracy": 0.9906896551724138,
    "precision_micro": 0.9906896551724138,
    "recall_micro": 0.9906896551724138,
    "f1_micro": 0.9906896551724138,
    "precision_macro": 0.6765686732705871,
    "recall_macro": 0.5518185725098561,
    "f1_macro": 0.5920037917607565
}