{
    "accuracy": 0.6821666666666667,
    "precision_micro": 0.6821666666666667,
    "recall_micro": 0.6821666666666667,
    "f1_micro": 0.6821666666666667,
    "precision_macro": 0.3924878295998945,
    "recall_macro": 0.6605591708465427,
    "f1_macro": 0.42707049666262686
}