{
    "accuracy": 0.6733217214102291,
    "precision_micro": 0.6733217214102291,
    "recall_micro": 0.6733217214102291,
    "f1_micro": 0.6733217214102291,
    "precision_macro": 0.7226109199387428,
    "recall_macro": 0.6678641973713828,
    "f1_macro": 0.6865960620588235
}