{
    "accuracy": 0.9067333333333333,
    "precision_micro": 0.9067333333333333,
    "recall_micro": 0.9067333333333333,
    "f1_micro": 0.9067333333333333,
    "precision_macro": 0.7065042085950005,
    "recall_macro": 0.6276621672222874,
    "f1_macro": 0.6282072688400007
}