{
    "accuracy": 0.8593188268684957,
    "precision_micro": 0.8593188268684957,
    "recall_micro": 0.8593188268684957,
    "f1_micro": 0.8593188268684957,
    "precision_macro": 0.6914790001155776,
    "recall_macro": 0.6139240248990502,
    "f1_macro": 0.6364422931111164
}