{
    "accuracy": 0.7915319700216725,
    "precision_micro": 0.7915319700216725,
    "recall_micro": 0.7915319700216725,
    "f1_micro": 0.7915319700216725,
    "precision_macro": 0.6427369988080321,
    "recall_macro": 0.6624452926489832,
    "f1_macro": 0.6506404900766103
}