{
    "accuracy": 0.9130666666666667,
    "precision_micro": 0.9130666666666667,
    "recall_micro": 0.9130666666666667,
    "f1_micro": 0.9130666666666667,
    "precision_macro": 0.9474201952540862,
    "recall_macro": 0.5912513673284892,
    "f1_macro": 0.6262597383257735
}