{
    "accuracy": 0.6701198360138757,
    "precision_micro": 0.6701198360138757,
    "recall_micro": 0.6701198360138757,
    "f1_micro": 0.6701198360138757,
    "precision_macro": 0.5119466341214505,
    "recall_macro": 0.5153348121185384,
    "f1_macro": 0.5094291382828203
}