{
    "accuracy": 0.9972402917405874,
    "precision_micro": 0.9972402917405874,
    "recall_micro": 0.9972402917405874,
    "f1_micro": 0.9972402917405874,
    "precision_macro": 0.9634477828068391,
    "recall_macro": 0.8356367483081371,
    "f1_macro": 0.8855478736994948
}