{
    "accuracy": 0.8477333333333333,
    "precision_micro": 0.8477333333333333,
    "recall_micro": 0.8477333333333333,
    "f1_micro": 0.8477333333333333,
    "precision_macro": 0.6112295556062923,
    "recall_macro": 0.720369287137472,
    "f1_macro": 0.5785768351796201
}