{
    "accuracy": 0.8340619470854302,
    "precision_micro": 0.8340619470854302,
    "recall_micro": 0.8340619470854302,
    "f1_micro": 0.8340619470854302,
    "precision_macro": 0.7697053239928605,
    "recall_macro": 0.7233412283100377,
    "f1_macro": 0.7420365501897702
}