{
    "accuracy": 0.8852700835889391,
    "precision_micro": 0.8852700835889391,
    "recall_micro": 0.8852700835889391,
    "f1_micro": 0.8852700835889391,
    "precision_macro": 0.5134064066614532,
    "recall_macro": 0.3608163852026265,
    "f1_macro": 0.38588164658552215
}