{
    "accuracy": 0.749327036274638,
    "precision_micro": 0.749327036274638,
    "recall_micro": 0.749327036274638,
    "f1_micro": 0.749327036274638,
    "precision_macro": 0.766796278388251,
    "recall_macro": 0.7100904009686845,
    "f1_macro": 0.7232642216827119
}