{
    "accuracy": 0.8043599336505515,
    "precision_micro": 0.8043599336505515,
    "recall_micro": 0.8043599336505515,
    "f1_micro": 0.8043599336505515,
    "precision_macro": 0.690272860778056,
    "recall_macro": 0.6165156231124207,
    "f1_macro": 0.6406836373978482
}