{
    "accuracy": 0.6322829821070821,
    "precision_micro": 0.6322829821070821,
    "recall_micro": 0.6322829821070821,
    "f1_micro": 0.6322829821070821,
    "precision_macro": 0.7140396382380294,
    "recall_macro": 0.6412647494184219,
    "f1_macro": 0.6631950635905504
}