{
    "accuracy": 0.9983448275862069,
    "precision_micro": 0.9983448275862069,
    "recall_micro": 0.9983448275862069,
    "f1_micro": 0.9983448275862069,
    "precision_macro": 0.7046975936378723,
    "recall_macro": 0.6318173407680031,
    "f1_macro": 0.6555861510224066
}