{
    "accuracy": 0.9982758620689656,
    "precision_micro": 0.9982758620689656,
    "recall_micro": 0.9982758620689656,
    "f1_micro": 0.9982758620689656,
    "precision_macro": 0.8565348679716128,
    "recall_macro": 0.7598018983296392,
    "f1_macro": 0.7890753939781497
}