{
    "accuracy": 0.833249571437423,
    "precision_micro": 0.833249571437423,
    "recall_micro": 0.833249571437423,
    "f1_micro": 0.833249571437423,
    "precision_macro": 0.7743313596052271,
    "recall_macro": 0.7167345462028161,
    "f1_macro": 0.7385492963711916
}