{
    "accuracy": 0.9884333512842727,
    "precision_micro": 0.9884333512842727,
    "recall_micro": 0.9884333512842727,
    "f1_micro": 0.9884333512842727,
    "precision_macro": 0.6738595941645101,
    "recall_macro": 0.5315007478670988,
    "f1_macro": 0.5458093260797282
}