{
    "accuracy": 0.9977931034482759,
    "precision_micro": 0.9977931034482759,
    "recall_micro": 0.9977931034482759,
    "f1_micro": 0.9977931034482759,
    "precision_macro": 0.6854247112732426,
    "recall_macro": 0.5829769493922761,
    "f1_macro": 0.6204482348716331
}