{
    "accuracy": 0.9978620689655172,
    "precision_micro": 0.9978620689655172,
    "recall_micro": 0.9978620689655172,
    "f1_micro": 0.9978620689655172,
    "precision_macro": 0.6942127629808141,
    "recall_macro": 0.5955982594959183,
    "f1_macro": 0.6319844292097377
}