{
    "accuracy": 0.9977931034482759,
    "precision_micro": 0.9977931034482759,
    "recall_micro": 0.9977931034482759,
    "f1_micro": 0.9977931034482759,
    "precision_macro": 0.7049009155200944,
    "recall_macro": 0.5703681028327672,
    "f1_macro": 0.615424423662143
}