{
    "accuracy": 0.9208666666666666,
    "precision_micro": 0.9208666666666666,
    "recall_micro": 0.9208666666666666,
    "f1_micro": 0.9208666666666666,
    "precision_macro": 0.6272532708801365,
    "recall_macro": 0.5940115175272355,
    "f1_macro": 0.5699508858729823
}