{
    "accuracy": 0.8600579678216629,
    "precision_micro": 0.8600579678216629,
    "recall_micro": 0.8600579678216629,
    "f1_micro": 0.8600579678216629,
    "precision_macro": 0.8072362059368672,
    "recall_macro": 0.781959530427582,
    "f1_macro": 0.7931572302454578
}