{
    "accuracy": 0.988735632183908,
    "precision_micro": 0.988735632183908,
    "recall_micro": 0.988735632183908,
    "f1_micro": 0.988735632183908,
    "precision_macro": 0.6176402934891877,
    "recall_macro": 0.5856396767971744,
    "f1_macro": 0.5857058726944195
}