{
    "accuracy": 0.7456168533137507,
    "precision_micro": 0.7456168533137507,
    "recall_micro": 0.7456168533137507,
    "f1_micro": 0.7456168533137507,
    "precision_macro": 0.7891792603200047,
    "recall_macro": 0.6081424797205593,
    "f1_macro": 0.637930924154874
}