{
    "accuracy": 0.8905333333333333,
    "precision_micro": 0.8905333333333333,
    "recall_micro": 0.8905333333333333,
    "f1_micro": 0.8905333333333333,
    "precision_macro": 0.5916996096607516,
    "recall_macro": 0.5864356680674231,
    "f1_macro": 0.5185550711740506
}