{
    "accuracy": 0.9068814535577981,
    "precision_micro": 0.9068814535577981,
    "recall_micro": 0.9068814535577981,
    "f1_micro": 0.9068814535577981,
    "precision_macro": 0.4671649069157853,
    "recall_macro": 0.5043928037470318,
    "f1_macro": 0.46097671434128484
}