{
    "accuracy": 0.8309366130558183,
    "precision_micro": 0.8309366130558183,
    "recall_micro": 0.8309366130558183,
    "f1_micro": 0.8309366130558183,
    "precision_macro": 0.7050364883563368,
    "recall_macro": 0.5981509845403765,
    "f1_macro": 0.6178774511616277
}