{
    "accuracy": 0.8813666666666666,
    "precision_micro": 0.8813666666666666,
    "recall_micro": 0.8813666666666666,
    "f1_micro": 0.8813666666666666,
    "precision_macro": 0.5222988655297084,
    "recall_macro": 0.3831920705850187,
    "f1_macro": 0.3913546109119946
}