{
    "accuracy": 0.9787666666666667,
    "precision_micro": 0.9787666666666667,
    "recall_micro": 0.9787666666666667,
    "f1_micro": 0.9787666666666667,
    "precision_macro": 0.8107884663075932,
    "recall_macro": 0.8058534953828379,
    "f1_macro": 0.7991563719994242
}