{
    "accuracy": 0.7933541583427167,
    "precision_micro": 0.7933541583427167,
    "recall_micro": 0.7933541583427167,
    "f1_micro": 0.7933541583427167,
    "precision_macro": 0.6787188643486924,
    "recall_macro": 0.6144012798436976,
    "f1_macro": 0.6369025871148708
}