{
    "accuracy": 0.9983448275862069,
    "precision_micro": 0.9983448275862069,
    "recall_micro": 0.9983448275862069,
    "f1_micro": 0.9983448275862069,
    "precision_macro": 0.7137696051129352,
    "recall_macro": 0.6141409266409266,
    "f1_macro": 0.6498984516440289
}