{
    "accuracy": 0.8228333333333333,
    "precision_micro": 0.8228333333333333,
    "recall_micro": 0.8228333333333333,
    "f1_micro": 0.8228333333333333,
    "precision_macro": 0.8619880789987455,
    "recall_macro": 0.8883371753859516,
    "f1_macro": 0.8295251920169334
}