{
    "accuracy": 0.9927586206896551,
    "precision_micro": 0.9927586206896551,
    "recall_micro": 0.9927586206896551,
    "f1_micro": 0.9927586206896551,
    "precision_macro": 0.8027182015990464,
    "recall_macro": 0.7050712379305898,
    "f1_macro": 0.7402134319523366
}