{
    "accuracy": 0.9603666666666667,
    "precision_micro": 0.9603666666666667,
    "recall_micro": 0.9603666666666667,
    "f1_micro": 0.9603666666666667,
    "precision_macro": 0.8567088335685076,
    "recall_macro": 0.7891391089099019,
    "f1_macro": 0.8066466605851643
}