{
    "accuracy": 0.9806285950658331,
    "precision_micro": 0.9806285950658331,
    "recall_micro": 0.9806285950658331,
    "f1_micro": 0.9806285950658331,
    "precision_macro": 0.6509595181178585,
    "recall_macro": 0.4716040636995501,
    "f1_macro": 0.48094651987846077
}