{
  "split_definition": "CIC-like: train from Domain A (labeled), val/test from Domain B (future)",
  "settings": {
    "shift_mode": "quantile",
    "train_qmax": 0.6,
    "test_qmin": 0.6,
    "drift_features": ""
  },
  "drift_report_train_vs_test": {
    "psi_mean": 0.054685086531282436,
    "psi_median": 0.02651362989666632,
    "psi_max": 0.2995794026655713,
    "js_mean": 0.02269307941858446,
    "js_median": 0.003310203991580409,
    "js_max": 0.3053490831416231,
    "mmd_rbf": 0.33376204322359787
  },
  "sizes": {
    "train": 126840,
    "val": 63420,
    "test": 63420
  },
  "classes": {
    "n_classes": 2,
    "class_names": [
      "0",
      "1"
    ]
  }
}