{
    "accuracy": 0.7455135854598862,
    "precision_micro": 0.7455135854598862,
    "recall_micro": 0.7455135854598862,
    "f1_micro": 0.7455135854598862,
    "precision_macro": 0.8005659618599046,
    "recall_macro": 0.6037550720391263,
    "f1_macro": 0.6498547105038929
}