{
    "accuracy": 0.9075666666666666,
    "precision_micro": 0.9075666666666666,
    "recall_micro": 0.9075666666666666,
    "f1_micro": 0.9075666666666666,
    "precision_macro": 0.7567555823618561,
    "recall_macro": 0.6287152582357038,
    "f1_macro": 0.6425262405030701
}