{
    "accuracy": 0.9965188834154352,
    "precision_micro": 0.9965188834154352,
    "recall_micro": 0.9965188834154352,
    "f1_micro": 0.9965188834154352,
    "precision_macro": 0.6435905033793874,
    "recall_macro": 0.5574897738201486,
    "f1_macro": 0.589671294682499
}