{
    "accuracy": 0.7868338063702303,
    "precision_micro": 0.7868338063702303,
    "recall_micro": 0.7868338063702303,
    "f1_micro": 0.7868338063702303,
    "precision_macro": 0.6280168089326297,
    "recall_macro": 0.686793588790048,
    "f1_macro": 0.6436715566810962
}