{
    "accuracy": 0.7061678588394044,
    "precision_micro": 0.7061678588394044,
    "recall_micro": 0.7061678588394044,
    "f1_micro": 0.7061678588394044,
    "precision_macro": 0.7250362287822394,
    "recall_macro": 0.6787790649919546,
    "f1_macro": 0.691253445541948
}