{
  "split_definition": "CIC-like: train from Domain A (labeled), val/test from Domain B (future)",
  "settings": {
    "shift_mode": "quantile",
    "train_qmax": 0.6,
    "test_qmin": 0.6,
    "drift_features": ""
  },
  "drift_report_train_vs_test": {
    "psi_mean": 0.05721313239489016,
    "psi_median": 0.007589484609839186,
    "psi_max": 0.2830794320842462,
    "js_mean": 0.0010575851767601577,
    "js_median": 0.0009640531969756353,
    "js_max": 0.002947797246998681,
    "mmd_rbf": 0.24714764001297804
  },
  "sizes": {
    "train": 29000,
    "val": 14500,
    "test": 14500
  },
  "classes": {
    "n_classes": 7,
    "class_names": [
      "1",
      "2",
      "3",
      "4",
      "5",
      "6",
      "7"
    ]
  }
}