feature,psi,js_divergence
Bpv Open,0.2830794320842462,0.00038981474662458035
Fpv Close,0.07806886482872355,0.00019549406393232818
Fpv Open,0.021604958540498768,0.0006757537159252071
Bpv Close,0.007589484609839186,0.0009640531969756353
Bypass,0.0053566287706355445,0.0011474127592356056
Rad Flow,0.004204187913435991,0.0010827705076290658
High,0.0005883700168519106,0.002947797246998681
