{
    "accuracy": 0.8405333333333334,
    "precision_micro": 0.8405333333333334,
    "recall_micro": 0.8405333333333334,
    "f1_micro": 0.8405333333333334,
    "precision_macro": 0.7393950169418716,
    "recall_macro": 0.6292537682222915,
    "f1_macro": 0.5656950991179027
}