{
    "accuracy": 0.8152767578483568,
    "precision_micro": 0.8152767578483568,
    "recall_micro": 0.8152767578483568,
    "f1_micro": 0.8152767578483568,
    "precision_macro": 0.8508793730749381,
    "recall_macro": 0.7272085657814433,
    "f1_macro": 0.7667967798980684
}