{
    "accuracy": 0.866819639888548,
    "precision_micro": 0.866819639888548,
    "recall_micro": 0.866819639888548,
    "f1_micro": 0.866819639888548,
    "precision_macro": 0.43816721925732766,
    "recall_macro": 0.3430774509616302,
    "f1_macro": 0.364639747622329
}