{
    "accuracy": 0.9096333333333333,
    "precision_micro": 0.9096333333333333,
    "recall_micro": 0.9096333333333333,
    "f1_micro": 0.9096333333333333,
    "precision_macro": 0.819675704596657,
    "recall_macro": 0.5626813985675353,
    "f1_macro": 0.5797200629616293
}