{
    "accuracy": 0.9906896551724138,
    "precision_micro": 0.9906896551724138,
    "recall_micro": 0.9906896551724138,
    "f1_micro": 0.9906896551724138,
    "precision_macro": 0.6591301029180008,
    "recall_macro": 0.5543008479378114,
    "f1_macro": 0.5896337538857122
}