{
    "accuracy": 0.9872413793103448,
    "precision_micro": 0.9872413793103448,
    "recall_micro": 0.9872413793103448,
    "f1_micro": 0.9872413793103448,
    "precision_macro": 0.608855419602654,
    "recall_macro": 0.5531771350630451,
    "f1_macro": 0.575176170112524
}