{
    "accuracy": 0.7832702617470829,
    "precision_micro": 0.7832702617470829,
    "recall_micro": 0.7832702617470829,
    "f1_micro": 0.7832702617470829,
    "precision_macro": 0.6443192082353644,
    "recall_macro": 0.6629054369367166,
    "f1_macro": 0.6520660635420716
}