{
    "accuracy": 0.9866850858913422,
    "precision_micro": 0.9866850858913422,
    "recall_micro": 0.9866850858913422,
    "f1_micro": 0.9866850858913422,
    "precision_macro": 0.7727344509878277,
    "recall_macro": 0.5708444766609232,
    "f1_macro": 0.5976720178861908
}