{
    "accuracy": 0.8583574865923596,
    "precision_micro": 0.8583574865923596,
    "recall_micro": 0.8583574865923596,
    "f1_micro": 0.8583574865923596,
    "precision_macro": 0.8226615004364543,
    "recall_macro": 0.785634481373972,
    "f1_macro": 0.8024739124984188
}