{
    "accuracy": 0.9881609195402299,
    "precision_micro": 0.9881609195402299,
    "recall_micro": 0.9881609195402299,
    "f1_micro": 0.9881609195402299,
    "precision_macro": 0.6324186316402073,
    "recall_macro": 0.4920014158919012,
    "f1_macro": 0.5239876910019051
}