{
    "accuracy": 0.9792393484589509,
    "precision_micro": 0.9792393484589509,
    "recall_micro": 0.9792393484589509,
    "f1_micro": 0.9792393484589509,
    "precision_macro": 0.5346870995888495,
    "recall_macro": 0.4664192501849703,
    "f1_macro": 0.47166848894347024
}