{
    "accuracy": 0.9857666666666667,
    "precision_micro": 0.9857666666666667,
    "recall_micro": 0.9857666666666667,
    "f1_micro": 0.9857666666666667,
    "precision_macro": 0.9383495233346978,
    "recall_macro": 0.8642815096713068,
    "f1_macro": 0.8853121315874221
}