{
    "accuracy": 0.7229867885689107,
    "precision_micro": 0.7229867885689107,
    "recall_micro": 0.7229867885689107,
    "f1_micro": 0.7229867885689107,
    "precision_macro": 0.6913712372376342,
    "recall_macro": 0.6817208318892535,
    "f1_macro": 0.680652878573908
}