{
    "accuracy": 0.7360817881402607,
    "precision_micro": 0.7360817881402607,
    "recall_micro": 0.7360817881402607,
    "f1_micro": 0.7360817881402607,
    "precision_macro": 0.7939019845339327,
    "recall_macro": 0.5860767483301929,
    "f1_macro": 0.5985850972088551
}