{
    "accuracy": 0.8655311766366272,
    "precision_micro": 0.8655311766366272,
    "recall_micro": 0.8655311766366272,
    "f1_micro": 0.8655311766366272,
    "precision_macro": 0.8366239027025509,
    "recall_macro": 0.7784585838639415,
    "f1_macro": 0.7983529224698067
}