{
    "accuracy": 0.8592731303312152,
    "precision_micro": 0.8592731303312152,
    "recall_micro": 0.8592731303312152,
    "f1_micro": 0.8592731303312152,
    "precision_macro": 0.8273401773559391,
    "recall_macro": 0.7562231659085299,
    "f1_macro": 0.7866008893221881
}