{
    "accuracy": 0.8430666666666666,
    "precision_micro": 0.8430666666666666,
    "recall_micro": 0.8430666666666666,
    "f1_micro": 0.8430666666666666,
    "precision_macro": 0.43046876637735615,
    "recall_macro": 0.6056447412334717,
    "f1_macro": 0.4514575401793928
}