{
    "accuracy": 0.8731333333333333,
    "precision_micro": 0.8731333333333333,
    "recall_micro": 0.8731333333333333,
    "f1_micro": 0.8731333333333333,
    "precision_macro": 0.7972582888081549,
    "recall_macro": 0.6601674244460842,
    "f1_macro": 0.595680727318797
}