{
    "accuracy": 0.9826812459512827,
    "precision_micro": 0.9826812459512827,
    "recall_micro": 0.9826812459512827,
    "f1_micro": 0.9826812459512827,
    "precision_macro": 0.5417921338120186,
    "recall_macro": 0.43603495157073063,
    "f1_macro": 0.4648395490297276
}