{
    "accuracy": 0.973221881414534,
    "precision_micro": 0.973221881414534,
    "recall_micro": 0.973221881414534,
    "f1_micro": 0.973221881414534,
    "precision_macro": 0.5684135423933476,
    "recall_macro": 0.4493777943204405,
    "f1_macro": 0.46234540608972063
}