{
    "accuracy": 0.8615333333333334,
    "precision_micro": 0.8615333333333334,
    "recall_micro": 0.8615333333333334,
    "f1_micro": 0.8615333333333334,
    "precision_macro": 0.5125409789620782,
    "recall_macro": 0.5852302330131076,
    "f1_macro": 0.4421592285389712
}