{
    "accuracy": 0.9881609195402299,
    "precision_micro": 0.9881609195402299,
    "recall_micro": 0.9881609195402299,
    "f1_micro": 0.9881609195402299,
    "precision_macro": 0.6900406622543952,
    "recall_macro": 0.49023797415348574,
    "f1_macro": 0.526739895128309
}