{
    "accuracy": 0.9935862068965517,
    "precision_micro": 0.9935862068965517,
    "recall_micro": 0.9935862068965517,
    "f1_micro": 0.9935862068965517,
    "precision_macro": 0.7335004906422912,
    "recall_macro": 0.7968262250937208,
    "f1_macro": 0.7443049405512545
}