{
    "accuracy": 0.7471658711217184,
    "precision_micro": 0.7471658711217184,
    "recall_micro": 0.7471658711217184,
    "f1_micro": 0.7471658711217184,
    "precision_macro": 0.8092733298912795,
    "recall_macro": 0.6089752935480794,
    "f1_macro": 0.6436259954828022
}