{
    "accuracy": 0.9728862768971411,
    "precision_micro": 0.9728862768971411,
    "recall_micro": 0.9728862768971411,
    "f1_micro": 0.9728862768971411,
    "precision_macro": 0.5819839157842747,
    "recall_macro": 0.45185022196720837,
    "f1_macro": 0.4613594611923916
}