{
    "accuracy": 0.9820880844786813,
    "precision_micro": 0.9820880844786813,
    "recall_micro": 0.9820880844786813,
    "f1_micro": 0.9820880844786813,
    "precision_macro": 0.5589965190815661,
    "recall_macro": 0.467865699407913,
    "f1_macro": 0.4769111567852173
}