{
    "accuracy": 0.9821,
    "precision_micro": 0.9821,
    "recall_micro": 0.9821,
    "f1_micro": 0.9821,
    "precision_macro": 0.8800925990188123,
    "recall_macro": 0.8620187084658126,
    "f1_macro": 0.8450304755400562
}