{
    "accuracy": 0.9888505747126437,
    "precision_micro": 0.9888505747126437,
    "recall_micro": 0.9888505747126437,
    "f1_micro": 0.9888505747126437,
    "precision_macro": 0.7019740526992795,
    "recall_macro": 0.5572837182950771,
    "f1_macro": 0.6026228367388292
}