{
    "accuracy": 0.7876852727846105,
    "precision_micro": 0.7876852727846105,
    "recall_micro": 0.7876852727846105,
    "f1_micro": 0.7876852727846105,
    "precision_macro": 0.6281130600641951,
    "recall_macro": 0.618652240972486,
    "f1_macro": 0.6229064910728904
}