{
    "accuracy": 0.6915932889510027,
    "precision_micro": 0.6915932889510027,
    "recall_micro": 0.6915932889510027,
    "f1_micro": 0.6915932889510027,
    "precision_macro": 0.7260900920656438,
    "recall_macro": 0.69188439234589,
    "f1_macro": 0.6949264849866081
}