{
    "accuracy": 0.8443666666666667,
    "precision_micro": 0.8443666666666667,
    "recall_micro": 0.8443666666666667,
    "f1_micro": 0.8443666666666667,
    "precision_macro": 0.5391124383188695,
    "recall_macro": 0.6709841021523482,
    "f1_macro": 0.44160949762706947
}