{
    "accuracy": 0.9979310344827587,
    "precision_micro": 0.9979310344827587,
    "recall_micro": 0.9979310344827587,
    "f1_micro": 0.9979310344827587,
    "precision_macro": 0.7032330608506429,
    "recall_macro": 0.6166822030170854,
    "f1_macro": 0.6410533561796372
}