{
    "accuracy": 0.9101666666666667,
    "precision_micro": 0.9101666666666667,
    "recall_micro": 0.9101666666666667,
    "f1_micro": 0.9101666666666667,
    "precision_macro": 0.7875949057831068,
    "recall_macro": 0.5660249270816874,
    "f1_macro": 0.583129724715424
}