{
    "accuracy": 0.788032884142724,
    "precision_micro": 0.788032884142724,
    "recall_micro": 0.788032884142724,
    "f1_micro": 0.788032884142724,
    "precision_macro": 0.714741268910997,
    "recall_macro": 0.5996304184637193,
    "f1_macro": 0.6245338942042212
}