{
    "accuracy": 0.7848333333333334,
    "precision_micro": 0.7848333333333334,
    "recall_micro": 0.7848333333333334,
    "f1_micro": 0.7848333333333334,
    "precision_macro": 0.6410827161646949,
    "recall_macro": 0.4793544219361896,
    "f1_macro": 0.3452992243369451
}