{
    "accuracy": 0.998160194493725,
    "precision_micro": 0.998160194493725,
    "recall_micro": 0.998160194493725,
    "f1_micro": 0.998160194493725,
    "precision_macro": 0.9934820630616097,
    "recall_macro": 0.9154558785863329,
    "f1_macro": 0.9445700950670195
}