{
    "accuracy": 0.822075055187638,
    "precision_micro": 0.822075055187638,
    "recall_micro": 0.822075055187638,
    "f1_micro": 0.822075055187638,
    "precision_macro": 0.6719699217402921,
    "recall_macro": 0.5753659288441547,
    "f1_macro": 0.5882040850804435
}