{
    "accuracy": 0.9981379310344828,
    "precision_micro": 0.9981379310344828,
    "recall_micro": 0.9981379310344828,
    "f1_micro": 0.9981379310344828,
    "precision_macro": 0.7850727363167113,
    "recall_macro": 0.7596813158022748,
    "f1_macro": 0.7413794464528948
}