{
    "accuracy": 0.8690666666666667,
    "precision_micro": 0.8690666666666667,
    "recall_micro": 0.8690666666666667,
    "f1_micro": 0.8690666666666667,
    "precision_macro": 0.33142516253439386,
    "recall_macro": 0.3479967161316338,
    "f1_macro": 0.3325311070702013
}