{
    "accuracy": 0.9048666666666667,
    "precision_micro": 0.9048666666666667,
    "recall_micro": 0.9048666666666667,
    "f1_micro": 0.9048666666666667,
    "precision_macro": 0.5756309202824905,
    "recall_macro": 0.554813254285416,
    "f1_macro": 0.5008206970285488
}