{
    "accuracy": 0.9134333333333333,
    "precision_micro": 0.9134333333333333,
    "recall_micro": 0.9134333333333333,
    "f1_micro": 0.9134333333333333,
    "precision_macro": 0.6457930838472989,
    "recall_macro": 0.5724793365807556,
    "f1_macro": 0.5413253858387098
}