{
    "accuracy": 0.8271666666666667,
    "precision_micro": 0.8271666666666667,
    "recall_micro": 0.8271666666666667,
    "f1_micro": 0.8271666666666667,
    "precision_macro": 0.43571578883709416,
    "recall_macro": 0.7138166223173747,
    "f1_macro": 0.39619274792944315
}