{
    "accuracy": 0.8666666666666667,
    "precision_micro": 0.8666666666666667,
    "recall_micro": 0.8666666666666667,
    "f1_micro": 0.8666666666666667,
    "precision_macro": 0.7115384615384616,
    "recall_macro": 0.7115384615384616,
    "f1_macro": 0.7115384615384616
}