{
    "accuracy": 0.8816666666666667,
    "precision_micro": 0.8816666666666667,
    "recall_micro": 0.8816666666666667,
    "f1_micro": 0.8816666666666667,
    "precision_macro": 0.7207743066663773,
    "recall_macro": 0.6783190701145946,
    "f1_macro": 0.6104388199240719
}