{
    "accuracy": 0.8642384105960265,
    "precision_micro": 0.8642384105960265,
    "recall_micro": 0.8642384105960265,
    "f1_micro": 0.8642384105960265,
    "precision_macro": 0.7126954547248587,
    "recall_macro": 0.5674738079942773,
    "f1_macro": 0.5840236534427812
}