{
    "accuracy": 0.5994666666666667,
    "precision_micro": 0.5994666666666667,
    "recall_micro": 0.5994666666666667,
    "f1_micro": 0.5994666666666667,
    "precision_macro": 0.3748207420308612,
    "recall_macro": 0.48253889205207007,
    "f1_macro": 0.23223380162659188
}