{
    "accuracy": 0.6968186543479309,
    "precision_micro": 0.6968186543479309,
    "recall_micro": 0.6968186543479309,
    "f1_micro": 0.6968186543479309,
    "precision_macro": 0.6990997221412293,
    "recall_macro": 0.6894026603144312,
    "f1_macro": 0.6880971803365287
}