{
    "accuracy": 0.789394985047159,
    "precision_micro": 0.789394985047159,
    "recall_micro": 0.789394985047159,
    "f1_micro": 0.789394985047159,
    "precision_macro": 0.7041172239408554,
    "recall_macro": 0.6064335902679094,
    "f1_macro": 0.6236034726933897
}