{
    "accuracy": 0.9979630724751954,
    "precision_micro": 0.9979630724751954,
    "recall_micro": 0.9979630724751954,
    "f1_micro": 0.9979630724751954,
    "precision_macro": 0.9788825026704762,
    "recall_macro": 0.9115877176178742,
    "f1_macro": 0.9340821043975641
}