{
    "accuracy": 0.8506536870150703,
    "precision_micro": 0.8506536870150703,
    "recall_micro": 0.8506536870150703,
    "f1_micro": 0.8506536870150703,
    "precision_macro": 0.8263002575803405,
    "recall_macro": 0.774481009955838,
    "f1_macro": 0.7969296290407162
}