{
    "accuracy": 0.7302069946759684,
    "precision_micro": 0.7302069946759684,
    "recall_micro": 0.7302069946759684,
    "f1_micro": 0.7302069946759684,
    "precision_macro": 0.794243440481133,
    "recall_macro": 0.5844680012054227,
    "f1_macro": 0.5993791661878587
}