{
    "accuracy": 0.9908045977011494,
    "precision_micro": 0.9908045977011494,
    "recall_micro": 0.9908045977011494,
    "f1_micro": 0.9908045977011494,
    "precision_macro": 0.6619549385756726,
    "recall_macro": 0.5527722073840678,
    "f1_macro": 0.5886530952321214
}